<?xml version="1.0" encoding="UTF-8" ?>
<!DOCTYPE struts PUBLIC
"-//Apache Software Foundation//DTD Struts Configuration 2.0//EN"
"http://struts.apache.org/dtds/struts-2.0.dtd">
<struts>
	<package name="default" extends="struts-default">
		<action name="registeruser" class="org.websparrow.action.RegisterAction">
			<result name="REGISTER">/register_invoice.jsp</result>
		</action>
		<action name="report" class="org.websparrow.action.ReportAction">
			<result name="REPORT">/report_invoice.jsp</result>
		</action>
		<action name="updatedetails" class="org.websparrow.action.UpdateAction">
			<result name="UPDATE">/update_invoice.jsp</result>
		</action>
		<action name="deleterecord" class="org.websparrow.action.DeleteAction">
			<result name="DELETE">/delete_invoice.jsp</result>
		</action>
		<action name="fechdata" class="org.websparrow.action.FetchDataAction">
			<result name="FETCH">/register_invoice.jsp</result>
		</action>
		
		

		
	</package>
</struts>   